Ator,Aparições
Brad Pitt,128
Robert De Niro,99
Michael Caine,48
Mark Ruffalo,36
Scarlett Johansson,32
Al Pacino,30
Christian Bale,24
Ethan Hawke,20
Clint Eastwood,20
Matt Damon,20
Catherine Keener,18
Diane Keaton,16
Harrison Ford,15
Denzel Washington,14
Kevin Bacon,12
Tom Hanks,12
Josh Brolin,12
Christopher Plummer,12
Russell Crowe,10
Humphrey Bogart,9
Leonardo DiCaprio,9
Edward Norton,9
Robert Downey Jr.,9
Audrey Hepburn,9
James Stewart,8
Julianne Moore,8
Rachel McAdams,8
Ed Harris,8
Orlando Bloom,8
Johnny Depp,8
Clive Owen,8
Philip Seymour Hoffman,8
John Wayne,8
Tabu,8
Aamir Khan,7
Toshirô Mifune,7
Emma Watson,7
Sean Connery,6
Sean Penn,6
Ethan Coen,6
Matthew McConaughey,6
Charles Chaplin,6
Jeff Bridges,6
Morgan Freeman,6
Cary Grant,6
Katharine Hepburn,6
Tatsuya Nakadai,6
Tom Cruise,6
Jake Gyllenhaal,6
Daniel Radcliffe,6
Paul Newman,5
Dustin Hoffman,5
Bruce Willis,5
Shah Rukh Khan,5
Rupert Grint,5
Robert Patrick,4
Paprika Steen,4
Gunnar Björnstrand,4
Domhnall Gleeson,4
Charlton Heston,4
John Castle,4
Benicio Del Toro,4
Rod Steiger,4
Boman Irani,4
John Goodman,4
Bill McKinney,4
Ward Bond,4
Bill Nighy,4
Liev Schreiber,4
Henry Travers,4
Chris Evans,4
Billy Dee Williams,4
Radha Mitchell,4
Kate Winslet,4
Sigourney Weaver,4
Vin Diesel,4
Jeremy Strong,4
Ian McKellen,4
Bryce Dallas Howard,4
Bruno Kirby,4
Ulrich Tukur,4
Uma Thurman,4
Joseph Calleia,4
Tony Chiu-Wai Leung,4
Takashi Shimura,4
Joe Pesci,4
Rooney Mara,4
Joe Russo,4
Lucy Liu,4
Marlon Brando,4
Julie Delpy,4
Carrie Fisher,4
Robert Shaw,4
Stellan Skarsgård,4
Anthony Edwards,4
Tom Hardy,4
Viggo Mortensen,4
Donald Sutherland,4
George Clooney,4
Jennifer Connelly,4
Melissa Leo,4
Jack Nicholson,4
Laura Dern,4
Jamie Foxx,4
Yvonne Furneaux,4
William Holden,4
Lauren Bacall,4
Akshay Kumar,4
Alan Arkin,4
Yukito Nishii,4
Paul Reiser,4
Sharman Joshi,4
Michael Gambon,4
Albert Brooks,4
Frederic Forrest,4
Woody Allen,4
Jack Lemmon,4
Kerry Washington,4
Jack Carson,4
Alexandra Maria Lara,4
Daniel Craig,4
Saurabh Shukla,4
Milhem Cortaz,4
Meryl Streep,4
Samuel L. Jackson,4
Daniel Day-Lewis,4
Gene Hackman,4
Gene Lockhart,4
Sanya Malhotra,4
Willem Dafoe,4
Geoffrey Rush,4
Tim Allen,3
Henry Fonda,3
John Musker,3
Kevin Costner,3
Bill Murray,3
Arnold Schwarzenegger,3
Alec Guinness,3
Elizabeth Taylor,3
Elijah Wood,3
Steve Carell,3
Kevin Spacey,3
Mark Hamill,3
Sushant Singh Rajput,3
Nawazuddin Siddiqui,3
Kirk Douglas,3
Gary Oldman,3
Joaquin Phoenix,3
Yun-Fat Chow,3
Madhavan,3
Joseph Gordon-Levitt,3
Mads Mikkelsen,3
Ayushmann Khurrana,3
Joseph Cotten,3
Michael Madsen,3
Robert Redford,3
Richard Gere,3
Vera Miles,3
Samantha Morton,3
Patricia Arquette,3
Kang-ho Song,3
Gregory Peck,3
Christopher Lloyd,3
Chiwetel Ejiofor,3
Shahid Kapoor,3
Liv Ullmann,3
Mia Farrow,3
Frances McDormand,3
Mel Gibson,3
Spencer Tracy,3
Grace Kelly,3
Irrfan Khan,3
Anthony Hopkins,3
Chris Pine,3
Sissy Spacek,2
Nick Frost,2
George Cukor,2
Tatsuya Fujiwara,2
Chico Marx,2
Dan Aykroyd,2
Brie Larson,2
Mark Wahlberg,2
Joel Coen,2
Brenda Blethyn,2
David Morse,2
Brendan Gleeson,2
Michelle Williams,2
Dana Andrews,2
Michelle Pfeiffer,2
Irène Jacob,2
Daniel Brühl,2
Claude Rains,2
Sam Neill,2
Robert Duvall,2
James Dean,2
John Hurt,2
Chris Pratt,2
Shirley MacLaine,2
Jean-Louis Trintignant,2
Sandra Bullock,2
David Carradine,2
James Garner,2
Chris Cooper,2
Nicole Kidman,2
Bradley Cooper,2
Nicolas Cage,2
Sanjay Dutt,2
Robert Mitchum,2
Michael B. Jordan,2
Ryan Gosling,2
Marisa Tomei,2
John Cazale,2
Robin Williams,2
James McAvoy,2
Simon Pegg,2
Martin Balsam,2
Roy Scheider,2
Matthew Broderick,2
Jeremy Renner,2
Melvyn Douglas,2
Stanley Holloway,2
Catherine Deneuve,2
Janet Leigh,2
Jim Caviezel,2
Cate Blanchett,2
Jack Hawkins,2
Jim Carrey,2
Iko Uwais,2
Jet Li,2
Eddie Redmayne,2
Michael J. Fox,2
Steve McQueen,2
Cary Elwes,2
Sterling Hayden,2
Colin Firth,2
Ryan Reynolds,2
Demet Akbag,2
Jesse Eisenberg,2
Jared Leto,2
Claudia Cardinale,2
Dennis Hopper,2
Craig T. Nelson,2
Naomi Watts,2
Dakota Fanning,2
Jodie Foster,2
Ryan O'Neal,2
Christopher Walken,2
Max von Sydow,2
Ingrid Bergman,2
Thomas Bo Larsen,2
Michael Douglas,2
Don Cheadle,2
Robin Wright,2
Don Rickles,2
Bruno Ganz,2
Buster Keaton,2
Ciarán Hinds,2
Charles Bronson,2
Jack Warden,2
Cybill Shepherd,2
Maureen O'Hara,2
Martin Sheen,2
Hugh Jackman,2
Burt Lancaster,2
Sylvester Stallone,2
Joan Allen,2
Eddie Murphy,2
Margot Robbie,2
Nimrat Kaur,2
Won Bin,2
Julie Andrews,2
Oscar Isaac,2
Woody Harrelson,2
Frederick Lau,2
Orson Welles,2
Ginnifer Goodwin,2
Lee Unkrich,2
Val Kilmer,2
Ulrich Thomsen,2
Prabhas,2
Gabriel Byrne,2
Gael García Bernal,2
Gracy Singh,2
Ernest Borgnine,2
Arshad Warsi,2
Tôru Emori,2
Paulette Goddard,2
Lea Thompson,2
Ricardo Darín,2
Erdem Can,2
Audrey Tautou,2
Josh Hartnett,2
Madeleine Stowe,2
Julie Christie,2
Anthony Quinn,2
Richard Armitage,2
Keira Knightley,2
Warren Oates,2
Liam Neeson,2
Ana de Armas,2
Katharine Ross,2
Linda Hamilton,2
Wagner Moura,2
Katrin Cartlidge,2
Kajol,2
Will Smith,2
Paresh Rawal,2
Rana Daggubati,2
Amitabh Bachchan,2
Ranbir Kapoor,2
Anna Kendrick,2
Faye Dunaway,2
Paddy Considine,2
Anne Hathaway,2
Franka Potente,2
Gwyneth Paltrow,2
Jung-woo Ha,2
Ray Milland,2
François Périer,2
Ewan McGregor,2
Laurence Olivier,2
Yilmaz Erdogan,2
Karl Malden,2
Helen Hunt,2
Peter O'Toole,2
Gene Wilder,2
Peter Sellers,2
Emma Stone,2
Mahie Gill,2
Laura Obiols,2
George MacKay,2
Zoe Saldana,2
Ellen Burstyn,2
Penélope Cruz,2
Bette Davis,2
Ben Affleck,2
Klaus Kinski,2
George Sanders,2
Zachary Quinto,2
Tony Curtis,2
Tim Robbins,2
Marcello Mastroianni,2
Tom Sizemore,2
Adrien Brody,2
Gerard Butler,2
Kurt Russell,2
Heath Ledger,2
Toni Collette,2
Kim Hunter,2
Bill Paxton,2
Tommy Lee Jones,2
Richard Crenna,2
Paul Giamatti,1
Patrick Wilson,1
Paul Freeman,1
Mohit Raina,1
Paul Henreid,1
Peter Dinklage,1
Milla Jovovich,1
Paul Lukas,1
Peter Bull,1
Paul McCartney,1
Mina Sadati,1
Moon So-Ri,1
Mila Parély,1
Patrick Wymark,1
Moira Shearer,1
Molly Picon,1
Molly Ringwald,1
Montgomery Clift,1
Miles Teller,1
Patton Oswalt,1
Paul Benjamin,1
Paul Frankeur,1
Peter Coyote,1
Monica Vitti,1
Mona Singh,1
Paul Bettany,1
Mone Kamishiraishi,1
Monica Viegas,1
Paul Dano,1
Mirjana Jokovic,1
Paul McGann,1
Paul Winfield,1
Paulette Dubost,1
Mithun Chakraborty,1
Miori Takimoto,1
Mirai Shida,1
Pauline Burlet,1
Mitchell Whitfield,1
Pavel Ponomaryov,1
Mitchell Ryan,1
Pawan Malhotra,1
Payman Maadi,1
Miss Piggy,1
Penelope Ann Miller,1
Misha Meskhi,1
Misa Uehara,1
Penelope Allen,1
Miranda Richardson,1
Miriam Shor,1
Mitsuo Iwata,1
Minoru Chiaki,1
Paul Meurisse,1
Minori Terada,1
Peter Brocco,1
Paul Muni,1
Minami Takayama,1
Mohanlal,1
Peter Boyle,1
Peter Billingsley,1
Paul Rudd,1
Ming-Na Wen,1
Pete Postlethwaite,1
Perry Lopez,1
Pernilla Allwin,1
Paul Sanchez,1
Mohammad Amir Naji,1
Paul Scofield,1
Miyu Irino,1
Mitsutaka Itakura,1
Per Ragnar,1
Paul Raci,1
Pascal Benezech,1
Morena Baccarin,1
Oksana Akinshina,1
Nursel Köse,1
Nicholas Hoult,1
Nell Cattrysse,1
Neil Patrick Harris,1
Neil Brown Jr.,1
Neeral Mulchandani,1
O'Shea Jackson Jr.,1
Neeraj Kabi,1
O.J. Simpson,1
Octavia Spencer,1
Oka Antara,1
Neena Gupta,1
Patrick Stewart,1
Oleg Yankovskiy,1
Olga Baclanova,1
Ned Beatty,1
Olga Mironova,1
Oliver Reed,1
Nathan Fillion,1
Oliver Stokowski,1
Olivia Cooke,1
Olivia Wilde,1
Olivia Williams,1
Nathalie Delon,1
Nurgül Yesilçay,1
Noémie Merlant,1
Nozomu Sasaki,1
Norman Taurog,1
Nils Poppe,1
Nikolay Sergeev,1
Nikolay Grinko,1
Nina van Pallandt,1
Nikolay Burlyaev,1
Nigel Havers,1
Niels Arestrup,1
Nisa Sofiya Aksongur,1
Nicoletta Braschi,1
Noah Emmerich,1
Nobuo Kaneko,1
Noomi Rapace,1
Nicolas Bro,1
Nick Offerman,1
Nora Gregor,1
Nora Twomey,1
Nora-Jane Noone,1
Noriko Hidaka,1
Norma Crane,1
Nick Nolte,1
Norman Ferguson,1
Norman Reedus,1
Nick Moran,1
Nathalie Boltt,1
Natalya Bondarchuk,1
Olivia de Havilland,1
Paige O'Hara,1
Pamela Adlon,1
Paolo Bonacelli,1
Nafise Jafar-Mohammadi,1
Mónica Villa,1
Mía Maestro,1
Parambrata Chattopadhyay,1
Nina Petri,1
Mélissa Désormeaux-Poulin,1
Mélanie Thierry,1
Pascal Greggory,1
Mélanie Laurent,1
Myrna Loy,1
Patricia Clarkson,1
Patricia Neal,1
Mustafa Kamel,1
Patrick Fugit,1
Patrick Horgan,1
Patrick Huard,1
Patrick Magee,1
Muhammet Uzuner,1
Patrick McGoohan,1
Moritz Bleibtreu,1
Patrick Renna,1
Nakul Roshan Sahdev,1
Nanako Matsushima,1
Omar Sharif,1
Nancy Kyes,1
Nataliya Vdovina,1
Natalie Wood,1
Omar Sy,1
Natalie Portman,1
Natalie Dessay,1
Nat Wolff,1
Oprah Winfrey,1
Nat Pendleton,1
Nastassja Kinski,1
Orto Ignatiussen,1
Naseeruddin Shah,1
Osamu Saka,1
Nargis Fakhri,1
Naomie Harris,1
Oskar Werner,1
Ossie Davis,1
Nancy Olson,1
Otto Preminger,1
Otto Sander,1
Otto Wernicke,1
Owen Wilson,1
Ozan Güven,1
Pablo Rago,1
Mila Kunis,1
Aamir Bashir,1
Mikkel Boe Følsgaard,1
Lorella Cravotta,1
Lorraine Bracco,1
Lorraine Gary,1
Lou Romano,1
Louis Calhern,1
Louis Eppolito,1
Louis Hofmann,1
Louis Prima,1
Louis Wolheim,1
Louise Fletcher,1
Louise Lemoine Torrès,1
Loveleen Tandan,1
Lubna Azabal,1
Lucas Hedges,1
Lucie Mannheim,1
Lucy Boynton,1
Lori Martin,1
Lorelei Linklater,1
Miki Imai,1
Lola Dueñas,1
Linda Manz,1
Linda Zilliacus,1
Lindsay Duncan,1
Linh Dan Pham,1
Lionel Barrymore,1
Lisa Hannigan,1
Lisa Haydon,1
Lisa Spoonauer,1
Lisanne Falk,1
Liubomiras Laucevicius,1
Liza Minnelli,1
Ljubica Adzovic,1
Lloyd Avery II,1
Lloyd Bridges,1
Logan Lerman,1
Lucy Davis,1
Luis Guzmán,1
Luis Tosar,1
Luke Bracey,1
Magnus Millang,1
Mahershala Ali,1
Mahesh Manjrekar,1
Mahito Tsujimura,1
Makio Inoue,1
Malcolm McDowell,1
Malin Akerman,1
Mamaengaroa Kerr-Bell,1
Mami Koyama,1
Mandy Moore,1
Mandy Patinkin,1
Manjot Singh,1
Manoj Bajpayee,1
Manuel Morón,1
Mara Krupp,1
Maggie Smith,1
Maggie Grace,1
Maggie Cheung,1
Macdonald Carey,1
Luàna Bajrami,1
Lydia Wilson,1
Lyubov Agapova,1
Léa Seydoux,1
Mabel Rivera,1
Macaulay Culkin,1
Machiko Kyô,1
Magali Noël,1
Mack Swain,1
Mackenzie Foy,1
Madeleine Carroll,1
Madeline Carroll,1
Madeline Kahn,1
Mae Clarke,1
Linda Larkin,1
Linda Cardellini,1
Linda Blair,1
Lee Van Cleef,1
Laura Linney,1
Laura Vasiliu,1
Lauren Ridloff,1
Laurence Fishburne,1
Laurence Harvey,1
Lawrence A. Bonney,1
Lazar Ristovski,1
Lea Massari,1
Leandro Firmino,1
Lee Byung-Hun,1
Lee Grant,1
Lee J. Cobb,1
Lee Marvin,1
Lee Pace,1
Lee Remick,1
Laura Harring,1
Lasse Fogelstrøm,1
Lars Ranthe,1
Kåre Hedebrant,1
Kurt Fuller,1
Kyle Chandler,1
Kyle MacLachlan,1
Kyung-jin Lee,1
Kyôko Kagawa,1
Kátia Lund,1
Kôichi Yamadera,1
Larry Gates,1
Lady Gaga,1
Laia Costa,1
Laila Robins,1
Lamberto Maggiorani,1
Lance Henriksen,1
Lari White,1
Lee Sun-kyun,1
Lee Yeong-ae,1
Lina Leandersson,1
Leigh Whannell,1
Leslie Odom Jr.,1
Lew Ayres,1
Lewis Black,1
Li Sun,1
Liam Aiken,1
Liam Cunningham,1
Lianella Carell,1
Liesel Matthews,1
Lil Dagover,1
Lillete Dubey,1
Lillian Gish,1
Lillo Brancato,1
Lilly Wachowski,1
Lily Franky,1
Lin-Manuel Miranda,1
Leslie Nielsen,1
Leslie Cheung,1
Lesley Sharp,1
Lena Headey,1
Leila Hatami,1
Leila Hyams,1
Leland Orser,1
Leland Palmer,1
Lembit Ulfsak,1
Lena Endre,1
Lena Nyman,1
Leonor Watling,1
Leo G. Carroll,1
Leo McKern,1
Leon Lai,1
Leonard Frey,1
Leonard Nimoy,1
Leonie Benesch,1
Marc-André Grondin,1
Marcel Dalio,1
Marcia Gay Harden,1
Michael Ealy,1
Melinda Dillon,1
Melisa Sözen,1
Melissa Benoist,1
Melora Walters,1
Mercedes Morán,1
Merila Zare'i,1
Merna Kennedy,1
Mervyn LeRoy,1
Mete Horozoglu,1
Mia Sara,1
Michael Ansara,1
Michael Bates,1
Michael Beck,1
Michael Berryman,1
Michael Biehn,1
Mehdi Nebbou,1
Megumi Ogata,1
Megumi Hayashibara,1
Maxine Audley,1
Maurice Evans,1
Maurice Schutz,1
Max Phipps,1
Max Riemelt,1
Max Schreck,1
Maxim Gaudette,1
May Whitty,1
Megs Jenkins,1
Mayu Matsuoka,1
Mayumi Izuka,1
Mayumi Tanaka,1
Mckenna Grace,1
Meat Loaf,1
Meena,1
Michael Clarke Duncan,1
Michael Fassbender,1
Matvey Novikov,1
Michael J. Pollard,1
Michel Piccoli,1
Michel Robin,1
Michelle Dockery,1
Michelle La,1
Michelle Monaghan,1
Michelle Reis,1
Michelle Rodriguez,1
Michelle Yeoh,1
Michèle Caucheteux,1
Mick Lally,1
Mickey Rourke,1
Miguel Ángel Fuentes,1
Mikael Persbrandt,1
Mike Myers,1
Mike Vitar,1
Michel Côté,1
Michel Auclair,1
Michael York,1
Michael Palin,1
Michael Keaton,1
Michael Kenneth Williams,1
Michael Lee Gogin,1
Michael McKean,1
Michael Murphy,1
Michael Nyqvist,1
Michael Peña,1
Michael Stuhlbarg,1
Michael Preston,1
Michael Redgrave,1
Michael Rennie,1
Michael Schwartz,1
Michael Sheen,1
Michael Strong,1
Maureen O'Sullivan,1
Matthew Modine,1
Marco Giallini,1
Markus Rygaard,1
Marilyn Ghigliotti,1
Marilyn Monroe,1
Marina Vasileva,1
Marina de Tavira,1
Mario Casas,1
Marion Cotillard,1
Marion Mack,1
Marisa Berenson,1
Marisa Paredes,1
Marius Goring,1
Marjane Satrapi,1
Mark Boone Junior,1
Mark Margolis,1
Mark Rydell,1
Mark Rylance,1
Marilyn Eastman,1
Mariel Hemingway,1
Marie-Laure Dougnac,1
Margaretha Krook,1
Mare Winningham,1
Margaret Avery,1
Margaret Livingston,1
Margaret Lockwood,1
Margaret Sullavan,1
Margaret Wycherly,1
Margarita Terekhova,1
Marie-Josée Croze,1
Maria Doyle Kennedy,1
Maria Falconetti,1
Maria Grazia Cucinotta,1
Maria Monti,1
Marianne Koch,1
Maribel Verdú,1
Mark Strong,1
Markéta Irglová,1
Matthew Macfadyen,1
Marlene Dietrich,1
María Marull,1
María Mercedes Villagra,1
Marília Pêra,1
Masaaki Ôkura,1
Masahiko Nishimura,1
Masahiro Motoki,1
Masaki Okada,1
Masayuki Mori,1
Massimo Troisi,1
Matheus Nachtergaele,1
Mathieu Amalric,1
Mathieu Kassovitz,1
Matt Stone,1
Matthew Edison,1
Matthew Goode,1
Maryana Spivak,1
Mary-Louise Parker,1
Mary Ure,1
Martina Gedeck,1
Marlon Wayans,1
Martha Vickers,1
Martin Freeman,1
Martin Landau,1
Martin Milner,1
Martin Stringer,1
Marty Feldman,1
Mary Tyler Moore,1
Mary Astor,1
Mary Elizabeth Mastrantonio,1
Mary Kay Bergman,1
Mary McDonnell,1
Mary Steenburgen,1
Mary Stuart Masterson,1
Meg Ryan,1
Regina King,1
Peter Finch,1
Thomas Mann,1
Theodore Liscinski,1
Thibault Verhaeghe,1
Thierry Lhermitte,1
Thierry van Werveke,1
Thom Hoffman,1
Thomas F. Wilson,1
Thomas Kretschmann,1
Thomas Mitchell,1
Tim McGraw,1
Thomas Turgoose,1
Thomasin McKenzie,1
Thora Birch,1
Tigmanshu Dhulia,1
Til Schweiger,1
Tilda Swinton,1
Tim Blake Nelson,1
Thelma Ritter,1
Thandie Newton,1
Tetsurô Tanba,1
Tesshô Genda,1
Telly Savalas,1
Temuera Morrison,1
Tensai Okamura,1
Teo Briones,1
Terence Alexander,1
Teresa Mo,1
Teresa Palmer,1
Teresa Wright,1
Teri Garr,1
Teri Hatcher,1
Terrence Howard,1
Terry Gilliam,1
Terry Jones,1
Tessa Mitchell,1
Tessa Thompson,1
Tim Holt,1
Tim Roth,1
Tatsuya Gashûin,1
Tony Roberts,1
Tom Wilkinson,1
Tommy Chong,1
Tomoko Yamaguchi,1
Toni Servillo,1
Tony Hale,1
Tony Lo Bianco,1
Tony Moran,1
Tony Todd,1
Timothy Bottoms,1
Topol,1
Toshirô Yanagiba,1
Treat Williams,1
Trevor Howard,1
Trevor Jack Brooks,1
Trey Parker,1
Trine Dyrholm,1
Tom Waits,1
Tom Skerritt,1
Tom Prior,1
Tom Murray,1
Timothy Hutton,1
Timothy Spall,1
Timothée Chalamet,1
Tina Fey,1
Tiny Sandford,1
Tippi Hedren,1
Tisca Chopra,1
Tobey Maguire,1
Toby Kebbell,1
Tokiko Katô,1
Tom Berenger,1
Tom Guiry,1
Tom Helmore,1
Tom Hiddleston,1
Tom Hulce,1
Tatum O'Neal,1
Tarô Yamamoto,1
Tsutomu Tatsumi,1
Stephen Tobolowsky,1
Stefania Sandrelli,1
Stella Dassas,1
Stephen Baldwin,1
Stephen Boyd,1
Stephen Chow,1
Stephen Graham,1
Stephen Rea,1
Stephen Trask,1
Sully Boyar,1
Stephen Young,1
Steve Buscemi,1
Steve Coogan,1
Steve Martin,1
Steve Zahn,1
Steven Bauer,1
Strother Martin,1
Stanley Baker,1
Stanislas Carré de Malberg,1
Srinidhi Shetty,1
Sridevi,1
Sohum Shah,1
Soia Lira,1
Soledad Villamil,1
Solveig Dommartin,1
Sonam Kapoor,1
Sondra Locke,1
Song Wok-suk,1
Sonia Todd,1
Sonoya Mizuno,1
Sophie Kennedy Clark,1
Sophie Marceau,1
Sophie Okonedo,1
Sophie Perry,1
Spike Lee,1
Srdjan 'Zika' Todorovic,1
Stuart Wolfenden,1
Sumi Shimamoto,1
Tarun Arora,1
Takuya Ishida,1
Taika Waititi,1
Takako Matsu,1
Takao Osawa,1
Takashi Tachibana,1
Takeshi Aono,1
Takeshi Kaneshiro,1
Takeshi Kitano,1
Takuya Kimura,1
Sumita Sanyal,1
Talia Shire,1
Tallulah Bankhead,1
Tamannaah Bhatia,1
Taner Birsel,1
Taraji P. Henson,1
Taraneh Alidoosti,1
Taron Egerton,1
Tahar Rahim,1
Tae-hoon Kim,1
Tae-Hyun Cha,1
Taapsee Pannu,1
Sunil Dutt,1
Sunil Shetty,1
Sunny Pawar,1
Suraj Sharma,1
Suriya,1
Susan Harrison,1
Susanne Lothar,1
Susumu Terajima,1
Suzanne Clément,1
Suzanne Pleshette,1
Sylvia Hoeks,1
Sylvia Miles,1
Sylvie Testud,1
Sô Yamamura,1
T.J. Miller,1
Tsunehiko Kamijô,1
Tsutomu Yamazaki,1
Peter Lorre,1
Yami Gautam,1
Wladyslaw Kowalski,1
Wolfgang Lukschy,1
Wood Harris,1
Wotan Wilke Möhring,1
Xolani Mali,1
Yacef Saadi,1
Yalitza Aparicio,1
Yash,1
Yoo-Jeong Kim,1
Yasuo Yamada,1
Yayan Ruhian,1
Yeong-hie Seo,1
Yeong-su Oh,1
Yesim Salkim,1
Yoko Honna,1
Yong Dong,1
Winona Ryder,1
William Sylvester,1
William Shatner,1
William Sadler,1
Wilfrid Hyde-White,1
Will Ferrell,1
Will Forte,1
Will Patton,1
Will Poulter,1
William Atherton,1
William Bendix,1
William Daniels,1
William H. Lynn,1
William H. Macy,1
William Harrigan,1
William Hickey,1
William Hurt,1
William Keighley,1
William Powell,1
Yoo Ji-Tae,1
Yordanos Shiferaw,1
Wiley Wiggins,1
Zeppo Marx,1
Zachary Levi,1
Zack Gottsagen,1
Zain Al Rafeea,1
Zamira Saunders,1
Zarah Jane McKenzie,1
Zazie Beetz,1
Zbigniew Zamachowski,1
Ziyi Zhang,1
Yoshiaki Umegaki,1
Zooey Deschanel,1
Zoë Kravitz,1
Álvaro Guerrero,1
Çetin Tekindor,1
Émile Vallée,1
Éric Toledano,1
Ömer Faruk Sorak,1
Zach Grenier,1
Zach Galifianakis,1
Zac Mattoon O'Brien,1
Yûnosuke Itô,1
Yoshiko Shinohara,1
Yoshino Kimura,1
Yoshiyuki Takei,1
You Ge,1
Yukiko Shimazaki,1
Yul Brynner,1
Yun Qu,1
Yuriko Ishida,1
Yutaka Sada,1
Yves Montand,1
Yôji Matsuda,1
Yôko Tsukasa,1
Yû Kashii,1
Yûko Miyamura,1
Yûko Tanaka,1
Wilford Brimley,1
Wil Wheaton,1
Tsuyoshi Ihara,1
Victor Jory,1
Verna Bloom,1
Vernon Dobtcheff,1
Veronica Cartwright,1
Vicellous Shannon,1
Vicky Jenson,1
Vicky Kaushal,1
Victor Buono,1
Victor Sjöström,1
Vince Vaughn,1
Victor Slezak,1
Victoria Horne,1
Vidya Balan,1
Vidya Malvade,1
Vijay Raaz,1
Vijay Sethupathi,1
Vijay Varma,1
Veerle Baetens,1
Varun Sharma,1
Vanna Urbino,1
Vanessa Redgrave,1
Tugba Sunguroglu,1
Tuncel Kurtiz,1
Tung Cho 'Joe' Cheung,1
Tyler Hoechlin,1
Tyler Perry,1
Tyrone Power,1
Tôru Furuya,1
Ugur Yücel,1
Ulla Jacobsson,1
Ulrich Matthes,1
Ulrich Mühe,1
Valentin Zubkov,1
Valeria Golino,1
Valerie Faris,1
Valerie Hobson,1
Vince Edwards,1
Vincent Cassel,1
Wil Johnson,1
Warren Clarke,1
Walter Connolly,1
Walter Hampden,1
Walter Huston,1
Walter Matthau,1
Walter Slezak,1
Walton Goggins,1
Warren Beatty,1
Wendee Lee,1
Vincent D'Onofrio,1
Wendell Corey,1
Wendy Crewson,1
Wendy Hiller,1
Werner Krauss,1
Wes Bentley,1
Wesley Addy,1
Whoopi Goldberg,1
Walter Catlett,1
Walter Brennan,1
Wallace Ford,1
Wah Yuen,1
Vincent Price,1
Ving Rhames,1
Vinícius de Oliveira,1
Viola Davis,1
Virginia Cherrill,1
Virginia Mayo,1
Vivian Pickles,1
Vivien Leigh,1
Vlad Ivanov,1
Vladas Bagdonas,1
Vladimir Barskiy,1
Vladimir Garin,1
Vladimir Vdovichenkov,1
Vladislav Dvorzhetskiy,1
Véra Clouzot,1
Soha Ali Khan,1
Smit Sheth,1
Slim Pickens,1
Richard Harris,1
Richard Burton,1
Richard Dormer,1
Richard Dreyfuss,1
Richard E. Grant,1
Richard Edson,1
Richard Farnsworth,1
Richard Griffiths,1
Richard Haydn,1
Riisa Naka,1
Richard Hunt,1
Richard Jenkins,1
Richard Masur,1
Richard Rosson,1
Richard Thorpe,1
Richard Widmark,1
Ricky Adelayitor,1
Richard Briers,1
Richard Basehart,1
Richard Attenborough,1
Richa Chadha,1
Reginald VelJohnson,1
Rei Sakuma,1
Ren Osugi,1
Rena Owen,1
Rene Auberjonois,1
Rene Bitorajac,1
Rene Russo,1
Reni Santoni,1
Renée Elise Goldsberry,1
Renée Zellweger,1
Rex Harrison,1
Rhonda Fleming,1
Rica Matsumoto,1
Ricardo Montalban,1
Rich Moore,1
Ricky Nelson,1
Rima Te Wiata,1
Kristina Adolphson,1
Roddy McDowall,1
Robert Strauss,1
Robert Walker,1
Roberta Maxwell,1
Roberto Benigni,1
Roberts Blossom,1
Rock Hudson,1
Rod Taylor,1
Rodney A. Grant,1
Ringo Starr,1
Rodney Rothman,1
Rodrigo De la Serna,1
Roe-ha Kim,1
Rohini Hattangadi,1
Roland Møller,1
Rolf Lassgård,1
Roman Griffin Davis,1
Robert Stack,1
Robert Sean Leonard,1
Robert Ryan,1
Robert Rodriguez,1
Rita Hayworth,1
River Phoenix,1
Riz Ahmed,1
Rob Maxey,1
Rob Minkoff,1
Rob Reiner,1
Robby Benson,1
Robert Armstrong,1
Robert Arthur,1
Robert Cummings,1
Robert Donat,1
Robert Gulaczyk,1
Robert Hays,1
Robert Manuel,1
Robert Morley,1
Reginald Gardiner,1
Reese Witherspoon,1
Slavko Stimac,1
Priscilla Presley,1
Polly Bergen,1
Porter Hall,1
Prakash Belawadi,1
Prateik,1
Predrag 'Miki' Manojlovic,1
Preity Zinta,1
Priscilla Lane,1
Priya Anand,1
RJ Cyler,1
Priyanka Chopra,1
Pruitt Taylor Vince,1
Pupella Maggio,1
Pushkar,1
Qiu Yuen,1
Quentin Tarantino,1
Quinton Aaron,1
Piper Laurie,1
Ping Lam Siu,1
Pierre Fresnay,1
Pierre Brasseur,1
Peter Ostrum,1
Peter Ramsey,1
Peter Stormare,1
Peter Wyngarde,1
Peter van Eyck,1
Phil Harris,1
Phil Lord,1
Philip Chan,1
Philip King,1
Philippe Noiret,1
Phillip Terry,1
Phillipa Soo,1
Phylicia Rashad,1
Phyllis Logan,1
Pierre Barbaud,1
R. Lee Ermey,1
Rachel Griffiths,1
Reda Kateb,1
Raoul Max Trujillo,1
Ramesh Deo,1
Rami Malek,1
Ramon Bieri,1
Ramya Krishnan,1
Randy Quaid,1
Rani Mukerji,1
Ranveer Singh,1
Raphael Fejtö,1
Rachel House,1
Rashida Jones,1
Raveena Tandon,1
Ray Liotta,1
Ray Sahetapy,1
Ray Walston,1
Raymond Massey,1
Rebecca De Mornay,1
Ramachandra Raju,1
Ram Kapoor,1
Ralph Richardson,1
Ralph Meeker,1
Rachel Shelley,1
Rachel Ticotin,1
Rachel Weisz,1
Radhika Apte,1
Raghuvir Yadav,1
Rajat Barmecha,1
Rajat Kapoor,1
Rajesh Abhay,1
Rajesh Khanna,1
Rajit Kapoor,1
Rajkummar Rao,1
Ralph Bellamy,1
Ralph Brown,1
Ralph Fiennes,1
Ralph Macchio,1
Roman Madyanov,1
Roman Polanski,1
Romolo Valli,1
Sebastian Cabot,1
Scott Weinger,1
Seamus Davey-Fitzpatrick,1
Sean Astin,1
Sean Bean,1
Sean Bridgers,1
Sean Patrick Flanery,1
Sean Young,1
Sebastian Koch,1
Seung-Yun Lee,1
Sebastian Maniscalco,1
Sela Ward,1
Sener Sen,1
Sergi López,1
Sermin Hürmeriç,1
Sessue Hayakawa,1
Seth Rogen,1
Scott Schwartz,1
Scott H. Reiniger,1
Scott Glenn,1
Scott Adsit,1
Saori Hayami,1
Sara Takatsuki,1
Sarah Berry,1
Sarah Bolger,1
Sarah Jessica Parker,1
Sarah Miles,1
Sarah Polley,1
Sarah Roemer,1
Sarah Silverman,1
Sarah Vowell,1
Sareh Bayat,1
Saswata Chatterjee,1
Sathyaraj,1
Saïd Taghmaoui,1
Scatman Crothers,1
Setsuko Hara,1
Seymour Cassel,1
Ron Livingston,1
Sidney Blackmer,1
Shraddha Kapoor,1
Shraddha Srinath,1
Shriya Saran,1
Shôgo Furuya,1
Shûichirô Moriyama,1
Sibel Kekilli,1
Siddharth,1
Sidney Poitier,1
Shahab Hosseini,1
Sidse Babett Knudsen,1
Sienna Miller,1
Silvia Pinal,1
Simon Yam,1
Simone Signoret,1
Siu-Lung Leung,1
Siu-Wong Fan,1
Shishir Sharma,1
Shirley Eaton,1
Shinpachi Tsuji,1
Shin'ichi Himori,1
Shailene Woodley,1
Shameik Moore,1
Shammi Kapoor,1
Sharlto Copley,1
Sharon Percy,1
Sharon Stone,1
Sheetal Menon,1
Shelley Duvall,1
Shelley Winters,1
Shernaz Patel,1
Shigeru Muroi,1
Shigesato Itoi,1
Shilpa Shukla,1
Shima Iwashita,1
Shin Ha-kyun,1
Saoirse Ronan,1
Sanjeev Kumar,1
Sanjana Sanghi,1
Russell Brand,1
Rudy Youngblood,1
Rufus,1
Rufus Sewell,1
Rumi Hiiragi,1
Ruocheng Ying,1
Rupert Friend,1
Rupert Graves,1
Russell Means,1
Sandy Dennis,1
Rusty Schwimmer,1
Rutger Hauer,1
Ruth Gordon,1
Ruth Hussey,1
Ruth Nelson,1
Ruth Roman,1
Ruy Guerra,1
Rudolf Klein-Rogge,1
Ruby Dee,1
Roy Kinnear,1
Roy Dotrice,1
Ronit Roy,1
Ronnie Del Carmen,1
Ronny Cox,1
Rory Cochrane,1
Rosalind Russell,1
Rosamund Pike,1
Rosanna Arquette,1
Rosario Dawson,1
Rosario Flores,1
Roscoe Ates,1
Roscoe Karns,1
Rosemarie DeWitt,1
Rosemary Murphy,1
Roshan Seth,1
Rosie Shaw,1
Ryan Hurst,1
Ryan Potter,1
Ryô Kase,1
Sally Hawkins,1
Salman Khan,1
Sam Elliott,1
Sam Jaffe,1
Sam Riley,1
Sam Rockwell,1
Sam Shepard,1
Sam Waterston,1
Sam Wood,1
Sam Worthington,1
Samantha Isler,1
Samia Kerbash,1
Samuel Armstrong,1
Samuel E. Wright,1
Sandra Bernhard,1
Sandra Milo,1
Sally Yeh,1
Sally Field,1
Ryô Narita,1
Salim Kechiouche,1
Ryôko Hirosue,1
Ryûnosuke Kamiki,1
Sabrina Ferilli,1
Sacha Baron Cohen,1
Sady Rebbot,1
Sae-ron Kim,1
Saeed Jaffrey,1
Safak Sezer,1
Sagarika Ghatge,1
Sahil Vaid,1
Saif Ali Khan,1
Saifei He,1
Sakshi Tanwar,1
Sakura Andô,1
Sal Mineo,1
Kumud Mishra,1
Kappei Yamaguchi,1
Kristen Wiig,1
Crispin Glover,1
Conrad Veidt,1
Corey Feldman,1
Corey Hawkins,1
Cori Gonzalez-Macuer,1
Craig Bierko,1
Craig Ferguson,1
Craig Parkinson,1
Cuba Gooding Jr.,1
Colm Feore,1
Cuifen Cao,1
Curt Bois,1
Cyril Cusack,1
Dafne Keen,1
Daisuke Ryû,1
Daisy Ridley,1
Dakota Johnson,1
Connie Nielsen,1
Colin Farrell,1
Christopher Guest,1
Claire Maurier,1
Christopher Mintz-Plasse,1
Christopher Reeve,1
Christopher Rivera,1
Chulpan Khamatova,1
Cillian Murphy,1
Claire Bloom,1
Claire Danes,1
Claire Rushbrook,1
Colin Clive,1
Claire Trevor,1
Clark Gable,1
Claudette Colbert,1
Cleavon Little,1
Clifton Powell,1
Clifton Webb,1
Coleen Gray,1
Dalia Hernández,1
Damian Chapa,1
Dan Hedaya,1
Dave Johns,1
Darren McGavin,1
Darryl F. Zanuck,1
Darsheel Safary,1
Daryl Hannah,1
Darío Grandinetti,1
Dave Bautista,1
Dave Goelz,1
Daveigh Chase,1
Dan Hicks,1
David Della Rocco,1
David Emge,1
David Hand,1
David Hemmings,1
David Herman,1
David James,1
David Lee Smith,1
Dara Singh,1
Danny Lloyd,1
Danny Lee,1
Danny Huston,1
Dan Riba,1
Dana Wynter,1
Danai Gurira,1
Daniel Boulanger,1
Daniel Giménez Cacho,1
Daniel Kaluuya,1
Daniel Mays,1
Daniel Prévost,1
Daniel Richter,1
Daniel Stern,1
Danielle Proulx,1
Danny Aiello,1
Danny Denzongpa,1
Danny Elfman,1
Danny Glover,1
Christopher Heyerdahl,1
Christopher Eccleston,1
Koyu Rankin,1
Celia Johnson,1
Catherine O'Hara,1
Cathy Moriarty,1
Cathy Rosier,1
Catinca Untaru,1
Cecil Parker,1
Cecilia Roth,1
Celeste Holm,1
Celile Toyon Uysal,1
Cary-Hiroyuki Tagawa,1
Cem Yilmaz,1
Charles Durning,1
Charles Fleischer,1
Charles Laughton,1
Charles Martin Smith,1
Charles Ruggles,1
Charles Vanel,1
Casey Affleck,1
Carroll O'Connor,1
Christopher Carley,1
Carlo Buccirosso,1
Carice van Houten,1
Carl Benton Reid,1
Carl Miller,1
Carl Möhner,1
Carl Weathers,1
Carla Gugino,1
Carla Quevedo,1
Carlo Verdone,1
Carroll Baker,1
Carlos Martínez López,1
Carlos Peralta,1
Carol Kane,1
Carole Lombard,1
Caroline Goodall,1
Carrie Henn,1
Carrie-Anne Moss,1
Charley Grapewin,1
Charlie Cox,1
Charlie Hunnam,1
Chris Sarandon,1
Chris Elliott,1
Chris Hemsworth,1
Chris O'Donnell,1
Chris Owen,1
Chris Penn,1
Chris Renaud,1
Chris Sanders,1
Chris Williams,1
Charlie Pye Jr.,1
Christian Berkel,1
Christian Friedel,1
Christian Slater,1
Christina Hendricks,1
Christine Hargreaves,1
Christoph Waltz,1
Christopher Adamson,1
Choi Woo-sik,1
Choi Min-sik,1
Cho Yeo-jeong,1
Cho Jin-woong,1
Charlie Sheen,1
Charlie Yeung,1
Charlize Theron,1
Charlotte Rampling,1
Chase Ellison,1
Chazz Palminteri,1
Chen Chang,1
Chete Lera,1
Chiara Mastroianni,1
Chief Dan George,1
Chieko Baishô,1
Chieko Higashiyama,1
Chika Sakamoto,1
Chishû Ryû,1
Chloë Grace Moretz,1
David Rawle,1
David Silverman,1
David Thewlis,1
Elit Iscan,1
Elena Lyadova,1
Eli Marienthal,1
Eli Roth,1
Eli Wallach,1
Elijah Smith,1
Elisabeth Shue,1
Elissa Knight,1
Eliza Scanlen,1
Elena Altieri,1
Elizabeth Banks,1
Elizabeth Berridge,1
Elizabeth Berrington,1
Elizabeth McGovern,1
Ellar Coltrane,1
Ellen Crawford,1
Ellen DeGeneres,1
Elena Anaya,1
Eleanor Parker,1
David Tomlinson,1
Edward James Olmos,1
Eduardo Noriega,1
Edward Arnold,1
Edward Asner,1
Edward Burns,1
Edward Fox,1
Edward Furlong,1
Edward G. Robinson,1
Efrem Zimbalist Jr.,1
Eleanor David,1
Ege Tanman,1
Eiji Okada,1
Eijirô Tôno,1
Eiko Masuyama,1
Eileen Walsh,1
Eiza González,1
Eleanor Bron,1
Ellen Widmann,1
Elliot Page,1
Elliott Gould,1
Eric Schweig,1
Enzo Cannavale,1
Enzo Staiola,1
Enzo Tarascio,1
Eric Bana,1
Eric Baugin,1
Eric Idle,1
Eric Radomski,1
Eric Sykes,1
Elmo Nüganen,1
Erich von Stroheim,1
Ernest B. Schoedsack,1
Ernst Jacobi,1
Errol Flynn,1
Erwin Connelly,1
Eugene Silvain,1
Eun-ju Lee,1
Enrique Rambal,1
Enrique Castillo,1
Emmy Rossum,1
Emmanuelle Seigner,1
Elpidia Carrillo,1
Elsa Lanchester,1
Elya Baskin,1
Emeric Pressburger,1
Emi Shinohara,1
Emile Hirsch,1
Emilia Fox,1
Emilio Echevarría,1
Emilio Estevez,1
Emily Blunt,1
Emily Mortimer,1
Emily Watson,1
Emma Thompson,1
Emmanuel Affadzi,1
Emmanuelle Riva,1
Eduard Abalov,1
Edoardo Leo,1
Edna Purviance,1
Diane Kruger,1
Dennis Price,1
Dennis Quaid,1
Derek Jacobi,1
Dev Patel,1
Dexter Fletcher,1
Dharmendra,1
Diahnne Abbott,1
Diane Ladd,1
Diego Starosta,1
Diane Venora,1
Dianne Wiest,1
Dibyendu Bhattacharya,1
Dick Hogan,1
Dick Van Dyke,1
Dick York,1
Diego Cortina Autrey,1
Dennis Farina,1
Deniz Baysal,1
Denholm Elliott,1
Demi Moore,1
David Wenham,1
David Zucker,1
Davor Dujmovic,1
DeForest Kelley,1
Dean Martin,1
Dean Stockwell,1
Dean-Charles Chapman,1
Debbie Reynolds,1
Deborah Kara Unger,1
Deborah Kerr,1
Debra Messing,1
Dee Wallace,1
Del Negro,1
Delphine Seyrig,1
Delroy Lindo,1
Diego Luna,1
Diljit Dosanjh,1
Edmund Gwenn,1
Duane Jones,1
Dorian Gray,1
Dorothy Comingore,1
Dorothy Duffy,1
Dorsey Wright,1
Doug McKeon,1
Douglas Booth,1
Drew Barrymore,1
Dwight Yoakam,1
Disha Patani,1
Dylan Baker,1
Ed Helms,1
Ed Skrein,1
Eddie Albert,1
Edgar Ramírez,1
Edmond O'Brien,1
Edmund Goulding,1
Donny Alamsyah,1
Donnie Yen,1
Donna Reed,1
Donna Murphy,1
Dita Parlo,1
Djimon Hounsou,1
Doga Zeynep Doguslu,1
Dolly Ahluwalia,1
Dolores Moran,1
Dominic West,1
Dominique Blanchar,1
Dominique McElligott,1
Dominique Pinon,1
Don Gordon,1
Don Hall,1
Don Taylor,1
Donald O'Connor,1
Donald Pleasence,1
Donatas Banionis,1
Carey Mulligan,1
Candela Peña,1
Cameron Diaz,1
Andrew Shim,1
Andreas Wilson,1
Andrew Adote,1
Andrew Garfield,1
Andrew Kevin Walker,1
Andrew Marton,1
Andrew Philpot,1
Andrew Robinson,1
André Berley,1
Andrea Riseborough,1
André Ramiro,1
André S. Labarthe,1
Andy Devine,1
Andy Garcia,1
Andy Lau,1
Andy Serkis,1
Angela Bassett,1
Andrea Tariang,1
Andrea Eckert,1
Anushka Shetty,1
Amy Poehler,1
Amira Casar,1
Amit Sadh,1
Amjad Khan,1
Amole Gupte,1
Amrish Puri,1
Amrita Puri,1
Amy Adams,1
Amy Ryan,1
Andie MacDowell,1
Amy Smart,1
Ana López Mercado,1
Ana Wagener,1
Anamaria Marinca,1
Anand Gandhi,1
Ananda George,1
Anatoliy Solonitsyn,1
Angela Lansbury,1
Angelina Jolie,1
Angie Dickinson,1
Anthony Michael Hall,1
Annika Wedderkopp,1
Annu Kapoor,1
Anouk Aimée,1
Ansel Elgort,1
Ansiba,1
Anthony Chau-Sang Wong,1
Anthony Gonzalez,1
Anthony Perkins,1
Angus Macfadyen,1
Antoine Olivier Pilon,1
Anton Walbrook,1
Antonella Attili,1
Antonia San Juan,1
Antonio Banderas,1
Antonio Resines,1
Anupam Kher,1
Annie Potts,1
Annie Corley,1
Annette Bening,1
Anne-Marie Duff,1
Anil Dhawan,1
Anita Ekberg,1
Anjelica Huston,1
Ann Dvorak,1
Ann Owens,1
Ann Reinking,1
Anna Faris,1
Anna Foglietta,1
Anna Karina,1
Anna Massey,1
Annalise Basso,1
Anne Bancroft,1
Anne Baxter,1
Anne Dorval,1
Anne Le Ny,1
Amir Farrokh Hashemian,1
America Ferrera,1
Altan Erkekli,1
Akio Ôtsuka,1
Aidan Gillen,1
Aitana Sánchez-Gijón,1
Ajay Devgn,1
Ajay Naidu,1
Akemi Yamaguchi,1
Aki Maeda,1
Akihiro Miwa,1
Akira Ishihama,1
Alan Randolph Scott,1
Akira Terao,1
Akshaye Khanna,1
Al Ernest Garcia,1
Alain Delon,1
Alakina Mann,1
Alan Alda,1
Alan Badel,1
Ahney Her,1
Ahna Capri,1
Ahmet Mümtaz Taylan,1
Agnes Moorehead,1
Aaron Eckhart,1
Aaron Taylor-Johnson,1
Abdel Ahmed Ghili,1
Abhay Deol,1
Abigail Breslin,1
Abraham Attah,1
Adam Baldwin,1
Adam Driver,1
Adel Bencherif,1
Adesh Prasad,1
Adil Hussain,1
Adolphe Menjou,1
Adrian Molina,1
Adèle Exarchopoulos,1
Adèle Haenel,1
Alan Mak,1
Alan Rickman,1
Ally Sheedy,1
Alicia Vikander,1
Alexandre Rignault,1
Alexandre Rodrigues,1
Alexandre Tharaud,1
Alexandru Potocean,1
Alfred Abel,1
Ali Mosaffa,1
Alia Bhatt,1
Alida Valli,1
Alan Ruck,1
Alisa Freyndlikh,1
Alison Crosbie,1
Alison Doody,1
Alison Whelan,1
Allen Garfield,1
Allen Leech,1
Allison Williams,1
Alexander Granach,1
Alexander Gould,1
Alex Sharp,1
Alex Palmer,1
Alan Tudyk,1
Albert Finney,1
Albert Rémy,1
Alberto Ammann,1
Aldo Giuffrè,1
Aldo Silvani,1
Alec Baldwin,1
Alec Cawthorne,1
Alec Secareanu,1
Alejandro Jodorowsky,1
Aleksandr Antonov,1
Aleksandr Kaydanovskiy,1
Aleksey Kravchenko,1
Aleksey Rozin,1
Aleksey Serebryakov,1
Anushka Sharma,1
Aoi Miyazaki,1
Callan McAuliffe,1
Brad Davis,1
Boluwatife Treasure Bankole,1
Bonnie Bedelia,1
Bonnie Hunt,1
Bora Todorovic,1
Boris Karloff,1
Boyd Holbrook,1
Boyd Kirkland,1
Brad Dourif,1
Bobby Cannavale,1
Brad Garrett,1
Bradley Whitford,1
Brady Corbet,1
Brahim Hadjadj,1
Branka Katic,1
Branko Djuric,1
Brenda Fricker,1
Bodil Rosing,1
Bob Peterson,1
Aoi Yûki,1
Birgitta Pettersson,1
Bill Pullman,1
Bill Sage,1
Billy Bob Thornton,1
Billy Connolly,1
Billy Crudup,1
Billy Crystal,1
Billy Zane,1
Birgitta Valberg,1
Bob Odenkirk,1
Birol Ünel,1
Björk,1
Bo Hopkins,1
Bob Balaban,1
Bob Geldof,1
Bob Gunton,1
Bob Hoskins,1
Bria Vinaite,1
Brian Cox,1
Brian Dennehy,1
Byron Barr,1
Bulle Ogier,1
Bunshi Katsura Vi,1
Burak Yigit,1
Burl Ives,1
Burt Reynolds,1
Burt Young,1
Buzz Kilman,1
Byron Howard,1
Brian Howe,1
Bárbara Lennie,1
Bérénice Bejo,1
Börje Ahlstedt,1
Cab Calloway,1
Caio Junqueira,1
Caitriona Balfe,1
Caleb Landry Jones,1
Buddy Ebsen,1
Bud Cort,1
Bryan Cranston,1
Bruno Zanin,1
Brian O'Halloran,1
Brian Tyler,1
Bridget Moynahan,1
Brigitte Helm,1
Brigitte Lin,1
Brooke Adams,1
Brooklynn Prince,1
Bruce Bennett,1
Bruce Cabot,1
Bruce Campbell,1
Bruce Davison,1
Bruce Dern,1
Bruce Lee,1
Bruce Reitherman,1
Bruce Spence,1
Bill Nunn,1
Bill Hader,1
Bill Bernstein,1
Aurélien Recoing,1
Ash Brannon,1
Asha Sharath,1
Ashton Kutcher,1
Atsuko Tanaka,1
Auli'i Cravalho,1
Aura Garrido,1
Aurore Clément,1
Aya Okamoto,1
Bahar Pars,1
Ayami Kakiuchi,1
Ayano Shiraishi,1
Ayberk Pekcan,1
Ayesha Kapoor,1
Azhy Robertson,1
BD Wong,1
Babak Karimi,1
Asaka Seto,1
Asa Butterfield,1
Artyom Bogucharskiy,1
Arthur Rosson,1
Aparna Balamurali,1
Aras Bulut Iynemli,1
Archana Jois,1
Ariadna Gil,1
Ariane Labed,1
Arifin Putra,1
Armando Brancia,1
Armie Hammer,1
Armin Mueller-Stahl,1
Arno Frisch,1
Arnold Lucy,1
Art LaFleur,1
Art Malik,1
Art Parkinson,1
Arthur O'Connell,1
Bae Doona,1
Bahare Seddiqi,1
Biff McGuire,1
Bengt Ekerot,1
Ben Gazzara,1
Ben Hardy,1
Ben Johnson,1
Ben Kingsley,1
Ben Stiller,1
Ben Whishaw,1
Benedict Cumberbatch,1
Benjamin Bratt,1
Bajram Severdzan,1
Benno Fürmann,1
Benoît Régent,1
Bernard-Pierre Donnadieu,1
Bernhard Wicki,1
Bertil Guve,1
Beverly D'Angelo,1
Bibi Andersson,1
Ben Foster,1
Ben Burtt,1
Belén Rueda,1
Bee Vang,1
Baki Davrak,1
Barbara Bel Geddes,1
Barbara Hershey,1
Barbara Stanwyck,1
Baris Bagci,1
Barkhad Abdi,1
Barkhad Abdirahman,1
Barry Bostwick,1
Barry Cook,1
Barry Fitzgerald,1
Barry Humphries,1
Barry Keoghan,1
Barry Pepper,1
Basil Rathbone,1
Beau Billingslea,1
Eva Green,1
Eva Marie Saint,1
Evan McGuire,1
John Belushi,1
Joe Keaton,1
Joe Pantoliano,1
Joel Basman,1
Joel Edgerton,1
Joel Grey,1
Johan Heldenbergh,1
Johanna ter Steege,1
John Billingsley,1
Joanne Dru,1
John Boles,1
John Boyega,1
John Buckwalter,1
John C. Reilly,1
John Cameron Mitchell,1
John Candy,1
John Carradine,1
Jodi Benson,1
Joanna Cassidy,1
John Williams,1
Jin-mo Joo,1
Jim Backus,1
Jim Henson,1
Jim Kelly,1
Jim Sturgess,1
Jim Varney,1
Jimmy Sheirgill,1
Jin Goo,1
Jingwu Ma,1
Joan Greenwood,1
Jinpachi Nezu,1
Jo Hartley,1
Jo Van Fleet,1
Joan Chen,1
Joan Crawford,1
Joan Cusack,1
Joan Fontaine,1
John Cassavetes,1
John Cho,1
John Cleese,1
John Ratzenberger,1
John Malkovich,1
John Matthews,1
John McGiver,1
John Megna,1
John Payne,1
John Rafter Lee,1
John Randolph,1
John Rhys-Davies,1
John Cusack,1
John Ridgely,1
John Ritter,1
John Roselius,1
John Savage,1
John Saxon,1
John Sharian,1
John Travolta,1
John Mahoney,1
John Lurie,1
John Lone,1
John Lennon,1
John Dall,1
John Fiedler,1
John Fraser,1
John Gallagher Jr.,1
John Gavin,1
John Getz,1
John Gielgud,1
John Haycraft,1
John Heard,1
John Hillerman,1
John Hodgman,1
John Hodiak,1
John Hubley,1
John Huston,1
John Leguizamo,1
Ji-Eun Lim,1
Jessie Royce Landis,1
Jessica Tandy,1
Jean Martin,1
Jay C. Flippen,1
Jaya Bachchan,1
Je-mun Yun,1
Jean Arthur,1
Jean Dujardin,1
Jean Gabin,1
Jean Heywood,1
Jean Reno,1
Jean-Paul Belmondo,1
Jean Seberg,1
Jean Servais,1
Jean Simmons,1
Jean Sorel,1
Jean Topart,1
Jean-Baptiste Maunier,1
Jean-Claude Donda,1
Jay Baruchel,1
Javier Cámara,1
Javier Bardem,1
Jason Statham,1
Jang Dong-Gun,1
Janine Darcey,1
Janusz Gajos,1
Jared Bush,1
Jared Gilman,1
Jason Bateman,1
Jason Cope,1
Jason Flemyng,1
Jason Lee,1
Jason London,1
Jason Mitchell,1
Jason Patric,1
Jason Robards,1
Jason Schwartzman,1
Jason Segel,1
Jean-Marc Barr,1
Jean-Pierre Jeunet,1
Jessica Lange,1
Jerry Lewis,1
Jennifer Lien,1
Jennifer Morrison,1
Jennifer Saunders,1
Jennifer Ulrich,1
Jeon Gook-Hwan,1
Jeremy Irons,1
Jerome Flynn,1
Jerry Nelson,1
Jean-Pierre Lorit,1
Jerry O'Connell,1
Jerry Zucker,1
Jerzy Stuhr,1
Jesse Borrego,1
Jesse Corti,1
Jessica Biel,1
Jessica Chastain,1
Jennifer Lawrence,1
Jennifer Jason Leigh,1
Jennifer Garner,1
Jennifer Drake,1
Jean-Pierre Léaud,1
Jeanne Bates,1
Jeanne Moreau,1
Jeff Anderson,1
Jeff Cohen,1
Jeff Daniels,1
Jeff Garlin,1
Jeff Goldblum,1
Jeffrey Ho,1
Jeffrey Hunter,1
Jeffrey Jones,1
Jeffrey Wright,1
Jemaine Clement,1
Jena Malone,1
Jennifer Aniston,1
John Turturro,1
John Wray,1
Janelle Monáe,1
Keir Dullea,1
Kazunari Ninomiya,1
Kazuya Tsurumaki,1
Keanu Reeves,1
Keenan Wynn,1
Keiju Kobayashi,1
Keiko Tsushima,1
Keiko Yokozawa,1
Keith David,1
Kayoko Kishimoto,1
Kelsey Asbille,1
Kemp Powers,1
Ken Foree,1
Ken Leung,1
Ken Stott,1
Ken Watanabe,1
Ken'ichi Hagiwara,1
Kazuko Yoshiyuki,1
Kay Kay Menon,1
Johnny Sekka,1
Kate Mara,1
Karl Hardman,1
Karlheinz Böhm,1
Kasi Lemmons,1
Kassie Wesley DePaiva,1
Kasumi Arimura,1
Kate Ashfield,1
Kate Hudson,1
Katharine Houghton,1
Kawsar Al Haddad,1
Katherine Helmond,1
Kathryn McGuire,1
Kathy Bates,1
Katie A. Keane,1
Katrin Saß,1
Katrina Kaif,1
Katsunosuke Hori,1
Ken'ichi Matsuyama,1
Kenneth Branagh,1
Kenshô Ono,1
Kirti Kulhari,1
King Donovan,1
Kirin Kiki,1
Kirk Acevedo,1
Kirk Wise,1
Kirron Kher,1
Kirsten Dunst,1
Kirsten Sheridan,1
Kishori Ballal,1
Keri Russell,1
Kiyoshi Kobayashi,1
Klaus Wennemann,1
Kodi Smit-McPhee,1
Kong Chu,1
Konkona Sen Sharma,1
Konstantin Lavronenko,1
Kotoe Hatsui,1
Kimberly Stringer,1
Kim Young-Min,1
Kim Yoon-seok,1
Kim Uylenbroek,1
Kermit the Frog,1
Kevin Jarre,1
Kevin McCarthy,1
Kevin McKidd,1
Kevin Peter Hall,1
Ki-duk Kim,1
Kiara Advani,1
Kiefer Sutherland,1
Kim Basinger,1
Kim Byeong-Ok,1
Kim Greist,1
Kim Min-hee,1
Kim Novak,1
Kim Sang-kyung,1
Kim Tae-Woo,1
Karisma Kapoor,1
Karina Arroyave,1
Kari Sylwan,1
Judd Nelson,1
Josh O'Connor,1
José Baviera,1
José Lewgoy,1
Joséphine Lebas-Joly,1
Joyce Carey,1
Juan Ferrara,1
Judd Hirsch,1
Jude Law,1
Julia Stiles,1
Judi Dench,1
Judith Anderson,1
Judith O'Dea,1
Judy Davis,1
Julia Greer,1
Julia Jones,1
Julia Ormond,1
Josh Lucas,1
Josh Charles,1
Joseph Schildkraut,1
Joseph Melito,1
Jon Bernthal,1
Jon Hamm,1
Jon Lovitz,1
Jon Voight,1
Jonah Hill,1
Jonathan Pryce,1
Jonathan Rhys Meyers,1
Jong-ho Kim,1
Jonny Lee Miller,1
Jordan Nagai,1
Jose Coronado,1
Josef Altin,1
Joseph A. Carpenter,1
Joseph Fiennes,1
Joseph Lee,1
Julia Roberts,1
Julian Arahanga,1
Karen Morley,1
Kaitlyn Dever,1
Jyoti Malshe,1
Jürgen Prochnow,1
Jürgen Vogel,1
Jüri Järvet,1
Ka Tung Lam,1
Kad Merad,1
Kagiso Kuypers,1
Kalina Jedrusik,1
Julian Dennison,1
Kalki Koechlin,1
Kamatari Fujiwara,1
Kang Hye-jeong,1
Kangana Ranaut,1
Kara Hayward,1
Kareena Kapoor,1
Karen Allen,1
Justine Waddell,1
Justin Timberlake,1
Justin Theroux,1
Justin Henry,1
Julian Sands,1
Juliane Köhler,1
Julianne Nicholson,1
Julie Hagerty,1
Julie Harris,1
Julie Kavner,1
Julie Walters,1
Juliette Binoche,1
Juliette Lewis,1
Juliette Mayniel,1
Jun Ji-Hyun,1
June Squibb,1
Junko Iwao,1
Justin Bartha,1
Justin Braine,1
Janet Gaynor,1
Jane Wyman,1
Evan Rachel Wood,1
Gina Torres,1
Gerardo Taracena,1
Gerd Oswald,1
Gerry Robert Byrne,1
Gert Fröbe,1
Gian Maria Volontè,1
Gil Birmingham,1
Gillian Anderson,1
Giorgi Nakashidze,1
Geraldine Chaplin,1
Giorgio Cantarini,1
Giovanni Ribisi,1
Giulietta Masina,1
Giuseppe Battiston,1
Giustino Durano,1
Gladys George,1
Glen Cavender,1
Gerard Hendrick,1
Gerald R. Molen,1
Halina Gryglaszewska,1
George C. Scott,1
Gemma Jones,1
Gena Rowlands,1
Gene Bervoets,1
Gene Kelly,1
Gene Tierney,1
Geneviève Page,1
Geoffrey Arend,1
George Harrison,1
Georges Siatidis,1
George Kennedy,1
George Macready,1
George O'Brien,1
George Peppard,1
George Raft,1
George Segal,1
Georges Adet,1
Glen Hansard,1
Glenn Ford,1
Gloria Grahame,1
Guylaine Schlumberger,1
Guillaume Canet,1
Gunnel Lindblom,1
Gustaf Skarsgård,1
Gustav Fröhlich,1
Gustav von Wangenheim,1
Guy Decomble,1
Guy Pearce,1
Gwen Eckhaus,1
Gloria Stuart,1
Gwilym Lee,1
Gérard Jugnot,1
Günes Sensoy,1
Güven Kiraç,1
Haaz Sleiman,1
Hailee Steinfeld,1
Haing S. Ngor,1
Groucho Marx,1
Grigoriy Aleksandrov,1
Griffin Dunne,1
Greta Schröder,1
Gloria Swanson,1
Glynis Johns,1
Godfrey Tearle,1
Golshifteh Farahani,1
Gong Li,1
Gore Vidal,1
Gorô Naya,1
Goya Toledo,1
Graciela Tenenbaum,1
Graham Chapman,1
Graham Greene,1
Graham Norton,1
Greg Cruttwell,1
Greg Grunberg,1
Greg Kinnear,1
Geert Van Rampelberg,1
Gaylen Ross,1
Gayatri Joshi,1
Florence Pugh,1
Fikret Kuskan,1
Filip Berg,1
Filip Sovagovic,1
Filipp Yankovskiy,1
Fionn Whitehead,1
Fionnula Flanagan,1
Florence Lee,1
Florian Lukas,1
Francis Capra,1
Florijan Ajdini,1
Folco Lulli,1
Ford Beebe Jr.,1
Forest Whitaker,1
Franca Marzi,1
Frances Conroy,1
Frances Sternhagen,1
Fernando Rey,1
Fernanda Montenegro,1
Ferdia Walsh-Peelo,1
Fengyi Zhang,1
Evgeniy Zharikov,1
Ewa Fröling,1
Ewen Bremner,1
Ezra Miller,1
F. Murray Abraham,1
Famke Janssen,1
Farhan Akhtar,1
Farida Jalal,1
Farley Granger,1
Fatima Sana Shaikh,1
Fay Wray,1
Faye Wong,1
Fele Martínez,1
Felicity Jones,1
Felix Bressart,1
Francine Racette,1
Francis Huster,1
Gattlin Griffith,1
Gary Cooper,1
Friedrich Feher,1
Frédérique Feder,1
Gabriele Ferzetti,1
Gabrielle Anwar,1
Gajraj Rao,1
Garrett M. Brown,1
Gary Busey,1
Gary Farmer,1
Frank Adu,1
Gary Lockwood,1
Gary Sinise,1
Gary Stretch,1
Gaspard Manesse,1
Gaspard Ulliel,1
Gastone Moschin,1
Gastón Pauls,1
Freida Pinto,1
Fredric March,1
Fred Willard,1
Fred MacMurray,1
Frank Finlay,1
Frank Giering,1
Frank Langella,1
Frank Lovejoy,1
Frank Morgan,1
Frank Overton,1
Frank Oz,1
Frank Paur,1
Frank Sinatra,1
Frank Vincent,1
Frantz Turner,1
Franz Rogowski,1
François Berléand,1
François Cluzet,1
François Truffaut,1
Haley Joel Osment,1
Halina Reijn,1
Jane Lynch,1
JB Blanc,1
Ivan Lapikov,1
Ivana Baquero,1
Izabela Vidovic,1
J. Mackye Gruber,1
J.D. Cannon,1
J.K. Simmons,1
J.T. Walsh,1
Jack Albertson,1
Ivan Bobrov,1
Jack Benny,1
Jack Kehoe,1
Jack McBrayer,1
Jack Oakie,1
Jack Reynor,1
Jack Thibeau,1
Jacki Weaver,1
Ivan Dobronravov,1
Isuzu Yamada,1
Haluk Bilginer,1
Irene Miracle,1
Ilker Kizmaz,1
Imelda Staunton,1
In-mun Kim,1
Indraneil Sengupta,1
Inge Landgut,1
Ingrid Thulin,1
Irandhir Santos,1
Irene Papas,1
Issey Takahashi,1
Irving Metzman,1
Isa Danieli,1
Isaac Hayes,1
Isabella Rossellini,1
Isabelle Adjani,1
Isabelle Huppert,1
Ismail Hacioglu,1
Jackie Coogan,1
Jackie Earle Haley,1
Jackie Gleason,1
Jan Josef Liefers,1
James Remar,1
James Woods,1
Jamie Bell,1
Jamie Chung,1
Jamie Draven,1
Jamie Lee Curtis,1
Jan Cornet,1
Jan Pinkava,1
Jacob Tremblay,1
Jan Sterling,1
Jane Adams,1
Jane Alexander,1
Jane Darwell,1
Jane Fonda,1
Jane Galloway Heitz,1
Jane Greer,1
James Rebhorn,1
James Mason,1
James Marsden,1
James Laurenson,1
Jacqueline Andere,1
Jacques Villeret,1
Jaden Smith,1
Jae Head,1
Jae-ho Song,1
Jake Johnson,1
James Booth,1
James Caan,1
James Cagney,1
James Coburn,1
James Cromwell,1
James Doohan,1
James Earl Jones,1
James Fleet,1
James Gleason,1
Ileana D'Cruz,1
Ignat Daniltsev,1
Iemasa Kayumi,1
Hemendra Dandotiya,1
Hector Elizondo,1
Hee Jae,1
Hee-won Kim,1
Helena Bonham Carter,1
Helena Rojo,1
Helmut Griem,1
Helmut Qualtinger,1
Henning Moritzen,1
Herbert Grönemeyer,1
Henri Serre,1
Henri-Jacques Huet,1
Henrik Dahl,1
Henrik Lundström,1
Henry Bergman,1
Henry Cavill,1
Henry Thomas,1
Hayley Squires,1
Haya Harareet,1
Harvey Korman,1
Harvey Keitel,1
Halvar Björk,1
Hanno Pöschl,1
Hardy Krüger,1
Harold Ramis,1
Harpo Marx,1
Harriet Andersson,1
Harry Connick Jr.,1
Harry Crocker,1
Harry Dean Stanton,1
Harry Guardino,1
Harry Myers,1
Harshaali Malhotra,1
Hartley Power,1
Haru Kuroki,1
Haruo Tanaka,1
Herb Edelman,1
Herbert Knaup,1
Ida Engvoll,1
Husnija Hasimovic,1
Hugh Bonneville,1
Hugh Grant,1
Hugh Marlowe,1
Hugh Walsh,1
Hugh Welchman,1
Hugo Silva,1
Hugo Weaving,1
Hye-ja Kim,1
Herbert Lom,1
Hyeong-jin Kong,1
Hyuk-ho Kwon,1
Hümeyra,1
Iain Rea,1
Ian Hart,1
Ian Hendry,1
Ian Holm,1
Hudhail Al-Amir,1
Huck Milner,1
Hubertus Bengsch,1
Hubert Koundé,1
Hiam Abbass,1
Hideaki Anno,1
Hidetoshi Nishijima,1
Hilary Swank,1
Hiromasa Yonebayashi,1
Hiroyuki Okiura,1
Hisako Kyôda,1
Hitoshi Takagi,1
Ho-jin Chun,1
Holly Hunter,1
Holmes Osborne,1
Honor Blackman,1
Horacio Salinas,1
Howard Da Silva,1
Hrithik Roshan,1
Özge Özberk,1
